visit,commanded_frequency_hz,stock_count,stock_mean_mv,stock_population_sd_mv,derived_count,derived_mean_mv,derived_population_sd_mv,derived_minus_stock_mv,absolute_difference_mv,derived_over_stock_ratio,ratio_issue
1,6000000000,3,0.9023687851019161,0.012767458706031439,3,0.9205552941291582,0.007417892581663942,0.01818650902724213,0.01818650902724213,1.0201541867665425,
2,5500000000,3,0.909966299577063,0.004875930337502154,3,0.9231791925502983,0.004893858080107077,0.013212892973235253,0.013212892973235253,1.0145202003407998,
3,5000000000,3,0.9113279123064288,0.006879858604824938,3,0.9304576062470565,0.0022945676174495316,0.019129693940627725,0.019129693940627725,1.0209910106804623,
4,4500000000,3,0.9264759131996346,0.0020492454788512003,3,0.9492374600444167,0.005484043499243265,0.02276154684478196,0.02276154684478196,1.0245678776107343,
5,4000000000,3,0.922816991956379,0.004529593035001847,3,1.000054898911313,0.0063379220105671515,0.07723790695493397,0.07723790695493397,1.0836979678833059,
6,3600000000,3,0.9422623639618751,0.00747691625505799,3,0.9955866242907748,0.005804925074788958,0.053324260328899704,0.053324260328899704,1.0565917332245875,
7,3200000000,3,0.9678948481584618,0.006929848688539456,3,0.9782978393212978,0.008004305631748072,0.010402991162835901,0.010402991162835901,1.0107480592366298,
8,3000000000,3,0.9470958308927004,0.005663471532839963,3,0.9754146509083307,0.005757743321009944,0.02831882001563021,0.02831882001563021,1.0299006912414954,
9,2500000000,3,0.9336496207409264,0.0002446973430359483,3,0.9931055211815356,0.007070782849677966,0.05945590044060926,0.05945590044060926,1.063681170237531,
10,2000000000,3,0.9554944647006245,0.002889166655648015,3,0.9738686221142471,0.007818007449853044,0.01837415741362254,0.01837415741362254,1.0192299988042102,
11,1800000000,3,1.0388452689917291,0.004334779368304612,3,1.0248627322749617,0.00794922431783397,-0.01398253671676744,0.01398253671676744,0.986540308615605,
12,1600000000,3,1.0549642239491006,0.010438003863226871,3,1.0805859639822144,0.01746505564224315,0.02562174003311376,0.02562174003311376,1.0242868330996122,
13,1400000000,3,2.0002695640237635,0.019458659306100367,3,10.9379374997111,0.0008892252415988089,8.937667935687337,8.937667935687337,5.468231730581467,
14,1200000000,3,29.969564650872268,0.005658295660713612,3,63.191009389393386,0.004070087834761734,33.22144473852112,33.22144473852112,2.1085060836061964,
15,1100000000,3,66.29412855922627,0.0011992709516962829,3,97.48522807471177,0.0027848771485942717,31.1910995154855,31.1910995154855,1.4704956561518083,
16,1000000000,3,89.94254004288338,0.12468800299855651,3,104.83893307606559,0.1493256591594022,14.896393033182202,14.896393033182202,1.1656212180140766,
17,950000000,3,96.36498875323502,0.0235925032442509,3,104.7989555180112,0.005930624880016932,8.433966764776175,8.433966764776175,1.0875210683246517,
18,900000000,3,99.65579183662406,0.0012536935024781157,3,103.68953693229176,0.0012537144905689051,4.033745095667701,4.033745095667701,1.0404767753216053,
19,850000000,3,101.36668334383253,0.006891523710118073,3,102.87689592529591,0.0055749867377232025,1.5102125814633882,1.5102125814633882,1.0148985103551311,
20,800000000,3,99.36260451311034,0.0024193103225683796,3,99.982387500332,0.0220127917614508,0.6197829872216509,0.6197829872216509,1.0062375879764693,
21,700000000,3,98.06913556782395,0.013490841936137131,3,98.31702573180227,0.003509797436513807,0.24789016397833152,0.24789016397833152,1.0025277082595154,
22,600000000,3,94.29166608294396,0.002399210496951738,3,94.70568580635785,0.009870746377701085,0.41401972341388593,0.41401972341388593,1.004390841106251,
23,400000000,3,94.71219395529936,0.00911110652452259,3,96.61543049615719,0.004953926918624601,1.9032365408578333,1.9032365408578333,1.0200949472436052,
24,100000000,3,110.315758702197,0.009776998126015764,3,111.12623120792679,0.006044372398696996,0.810472505729784,0.810472505729784,1.0073468425115735,
